GROUP,PACKAGE,CLASS,INSTRUCTION_MISSED,INSTRUCTION_COVERED,BRANCH_MISSED,BRANCH_COVERED,LINE_MISSED,LINE_COVERED,COMPLEXITY_MISSED,COMPLEXITY_COVERED,METHOD_MISSED,METHOD_COVERED
SkyCampus v2 (Monferno),edu.eci.skycampus.estadisticas,EstadisticasMisiones,0,162,0,14,0,29,0,21,0,14
SkyCampus v2 (Monferno),edu.eci.skycampus.notificacion,SistemaLog,0,32,0,0,0,7,0,3,0,3
SkyCampus v2 (Monferno),edu.eci.skycampus.notificacion,PanelOperador,0,22,0,0,0,5,0,3,0,3
SkyCampus v2 (Monferno),edu.eci.skycampus.notificacion,GestorFlota,0,65,0,4,0,16,0,7,0,5
SkyCampus v2 (Monferno),edu.eci.skycampus.notificacion,AlertaTecnico,0,26,0,2,0,6,0,4,0,3
SkyCampus v2 (Monferno),edu.eci.skycampus.modelo,SolicitudReparto,0,39,0,2,0,8,0,2,0,1
SkyCampus v2 (Monferno),edu.eci.skycampus.modelo,Paquete,0,27,0,2,0,6,0,2,0,1
SkyCampus v2 (Monferno),edu.eci.skycampus.modelo,EstadoDrone,0,72,0,6,0,15,0,8,0,3
SkyCampus v2 (Monferno),edu.eci.skycampus.modelo,EstadoMision,0,27,0,0,0,5,0,1,0,1
SkyCampus v2 (Monferno),edu.eci.skycampus.modelo,Mision,0,48,0,0,0,9,0,3,0,3
SkyCampus v2 (Monferno),edu.eci.skycampus.modelo,Drone,0,89,0,10,0,14,0,8,0,3
SkyCampus v2 (Monferno),edu.eci.skycampus.modelo,Destino,0,33,0,0,0,6,0,1,0,1
SkyCampus v2 (Monferno),edu.eci.skycampus.modelo,TipoCarga,0,27,0,0,0,5,0,1,0,1
SkyCampus v2 (Monferno),edu.eci.skycampus.modelo,TipoDrone,0,70,0,4,0,13,0,8,0,6
SkyCampus v2 (Monferno),edu.eci.skycampus.modelo,Prioridad,0,21,0,0,0,4,0,1,0,1
SkyCampus v2 (Monferno),edu.eci.skycampus.asignacion,PoliticaAsignacion,0,14,0,0,0,1,0,1,0,1
SkyCampus v2 (Monferno),edu.eci.skycampus.asignacion,AsignacionTipoCompatible,0,21,0,0,0,6,0,4,0,4
SkyCampus v2 (Monferno),edu.eci.skycampus.asignacion,AsignadorMision,0,137,0,10,0,33,0,15,0,10
SkyCampus v2 (Monferno),edu.eci.skycampus.asignacion,GestorMisiones,0,43,0,0,0,8,0,3,0,3
SkyCampus v2 (Monferno),edu.eci.skycampus.asignacion,CriterioAptitud,0,35,0,6,0,6,0,6,0,3
SkyCampus v2 (Monferno),edu.eci.skycampus.asignacion,AsignacionMayorBateria,0,10,0,0,0,3,0,2,0,2
SkyCampus v2 (Monferno),edu.eci.skycampus.asignacion,AsignacionMasRapido,0,16,0,0,0,4,0,3,0,3
SkyCampus v2 (Monferno),edu.eci.skycampus.asignacion,AsignacionMenorUso,0,10,0,0,0,3,0,2,0,2
